{"cameraMode":{"drawMode":0,"name":"Shaded","section":"Shading Mode"},"sceneLighting":true,"audioPlay":false,"sceneViewState":{"showFog":true,"showMaterialUpdate":true,"showSkybox":true,"showFlares":true,"showImageEffects":true,"showParticleSystems":true,"showVisualEffectGraphs":true,"m_FxEnabled":true},"in2DMode":false,"pivot":{"x":2.1852200031280519,"y":0.2800000011920929,"z":-6.018392086029053},"rotation":{"x":0.36316344141960146,"y":-0.2083902209997177,"z":0.08369266241788864,"w":0.9042572379112244},"size":0.5049629211425781,"orthographic":false}