{"cameraMode":{"drawMode":0,"name":"Shaded","section":"Shading Mode"},"sceneLighting":true,"audioPlay":false,"sceneViewState":{"showFog":true,"showMaterialUpdate":true,"showSkybox":true,"showFlares":true,"showImageEffects":true,"showParticleSystems":true,"showVisualEffectGraphs":true,"m_FxEnabled":true},"in2DMode":false,"pivot":{"x":0.6119747757911682,"y":1.4048717021942139,"z":-3.1360368728637697},"rotation":{"x":0.1944471001625061,"y":-0.7706720232963562,"z":0.27774006128311159,"w":0.5395511388778687},"size":-0.6950370073318481,"orthographic":false}