{"cameraMode":{"drawMode":0,"name":"Shaded","section":"Shading Mode"},"sceneLighting":true,"audioPlay":false,"sceneViewState":{"showFog":true,"showMaterialUpdate":true,"showSkybox":true,"showFlares":true,"showImageEffects":true,"showParticleSystems":true,"showVisualEffectGraphs":true,"m_FxEnabled":true},"in2DMode":false,"pivot":{"x":0.7601233124732971,"y":0.17444801330566407,"z":-4.272522926330566},"rotation":{"x":0.18134836852550507,"y":-0.02065012976527214,"z":0.0038088683504611255,"w":0.9831947684288025},"size":4.150999069213867,"orthographic":false}