{"cameraMode":{"drawMode":0,"name":"Shaded","section":"Shading Mode"},"sceneLighting":true,"audioPlay":false,"sceneViewState":{"showFog":true,"showMaterialUpdate":true,"showSkybox":true,"showFlares":true,"showImageEffects":true,"showParticleSystems":true},"in2DMode":false,"pivot":{"x":-4.1894989013671879,"y":-1.5489764213562012,"z":1.6278820037841797},"rotation":{"x":0.09327820688486099,"y":-0.20166680216789246,"z":0.01929718814790249,"w":0.9748111367225647},"size":6.819754600524902,"orthographic":false}